"Longitude (x)","Latitude (y)","Station Name","Climate ID","Date/Time","Year","Month","Day","Data Quality","Max Temp (°C)","Max Temp Flag","Min Temp (°C)","Min Temp Flag","Mean Temp (°C)","Mean Temp Flag","Heat Deg Days (°C)","Heat Deg Days Flag","Cool Deg Days (°C)","Cool Deg Days Flag","Total Rain (mm)","Total Rain Flag","Total Snow (cm)","Total Snow Flag","Total Precip (mm)","Total Precip Flag","Snow on Grnd (cm)","Snow on Grnd Flag","Dir of Max Gust (10s deg)","Dir of Max Gust Flag","Spd of Max Gust (km/h)","Spd of Max Gust Flag"
"-79.40","43.67","TORONTO","6158350","1914-01-01","1914","01","01","","-2.2","","-11.1","","-6.7","","24.7","","0.0","","0.0","","0.0","T","0.0","T","","","","","",""
"-79.40","43.67","TORONTO","6158350","1914-01-02","1914","01","02","","1.1","","-2.8","","-0.9","","18.9","","0.0","","0.0","","0.0","T","0.0","T","","","","","",""
"-79.40","43.67","TORONTO","6158350","1914-01-03","1914","01","03","","1.7","","-1.1","","0.3","","17.7","","0.0","","0.0","","12.2","","12.2","","","","","","",""
"-79.40","43.67","TORONTO","6158350","1914-01-04","1914","01","04","","2.8","","-1.7","","0.6","","17.4","","0.0","","0.0","","0.0","T","0.0","T","","","","","",""
"-79.40","43.67","TORONTO","6158350","1914-01-05","1914","01","05","","0.0","","-7.8","","-3.9","","21.9","","0.0","","0.0","","0.0","","0.0","","","","","","",""
"-79.40","43.67","TORONTO","6158350","1914-01-06","1914","01","06","","0.6","","-10.6","","-5.0","","23.0","","0.0","","0.0","T","0.0","","0.0","T","","","","","",""
"-79.40","43.67","TORONTO","6158350","1914-01-07","1914","01","07","","2.2","","-1.1","","0.6","","17.4","","0.0","","0.0","T","2.0","","2.0","","","","","","",""
"-79.40","43.67","TORONTO","6158350","1914-01-08","1914","01","08","","2.2","","0.0","","1.1","","16.9","","0.0","","0.0","T","3.0","","3.0","","","","","","",""
"-79.40","43.67","TORONTO","6158350","1914-01-09","1914","01","09","","3.3","","0.0","","1.7","","16.3","","0.0","","1.5","","1.5","","3.0","","","","","","",""
"-79.40","43.67","TORONTO","6158350","1914-01-10","1914","01","10","","0.0","","-8.9","","-4.5","","22.5","","0.0","","0.0","","0.0","T","0.0","T","","","","","",""
"-79.40","43.67","TORONTO","6158350","1914-01-11","1914","01","11","","-3.3","","-15.0","","-9.2","","27.2","","0.0","","0.0","","0.0","T","0.0","T","","","","","",""
"-79.40","43.67","TORONTO","6158350","1914-01-12","1914","01","12","","-3.3","","-19.4","","-11.4","","29.4","","0.0","","0.0","","5.1","","5.1","","","","","","",""
"-79.40","43.67","TORONTO","6158350","1914-01-13","1914","01","13","","-18.9","","-30.0","","-24.5","","42.5","","0.0","","0.0","","0.0","","0.0","","","","","","",""
"-79.40","43.67","TORONTO","6158350","1914-01-14","1914","01","14","","-5.6","","-25.0","","-15.3","","33.3","","0.0","","0.0","","3.3","","3.3","","","","","","",""
"-79.40","43.67","TORONTO","6158350","1914-01-15","1914","01","15","","2.8","","-5.0","","-1.1","","19.1","","0.0","","0.0","","5.6","","5.6","","","","","","",""
"-79.40","43.67","TORONTO","6158350","1914-01-16","1914","01","16","","2.2","","0.0","","1.1","","16.9","","0.0","","0.0","T","5.3","","5.3","","","","","","",""
"-79.40","43.67","TORONTO","6158350","1914-01-17","1914","01","17","","0.6","","-10.0","","-4.7","","22.7","","0.0","","0.0","","0.0","T","0.0","T","","","","","",""
"-79.40","43.67","TORONTO","6158350","1914-01-18","1914","01","18","","-4.4","","-15.6","","-10.0","","28.0","","0.0","","0.0","","0.0","","0.0","","","","","","",""
"-79.40","43.67","TORONTO","6158350","1914-01-19","1914","01","19","","1.7","","-6.1","","-2.2","","20.2","","0.0","","0.0","","4.6","","4.6","","","","","","",""
"-79.40","43.67","TORONTO","6158350","1914-01-20","1914","01","20","","1.1","","-6.1","","-2.5","","20.5","","0.0","","0.0","T","13.5","","13.5","","","","","","",""
"-79.40","43.67","TORONTO","6158350","1914-01-21","1914","01","21","","-6.1","","-11.1","","-8.6","","26.6","","0.0","","0.0","","2.3","","2.3","","","","","","",""
"-79.40","43.67","TORONTO","6158350","1914-01-22","1914","01","22","","-3.3","","-15.6","","-9.5","","27.5","","0.0","","0.0","","0.0","T","0.0","T","","","","","",""
"-79.40","43.67","TORONTO","6158350","1914-01-23","1914","01","23","","5.6","","-6.7","","-0.6","","18.6","","0.0","","2.0","","0.0","","2.0","","","","","","",""
"-79.40","43.67","TORONTO","6158350","1914-01-24","1914","01","24","","6.1","","-1.7","","2.2","","15.8","","0.0","","6.4","","3.3","","9.7","","","","","","",""
"-79.40","43.67","TORONTO","6158350","1914-01-25","1914","01","25","","-1.1","","-12.2","","-6.7","","24.7","","0.0","","0.0","","0.0","T","0.0","T","","","","","",""
"-79.40","43.67","TORONTO","6158350","1914-01-26","1914","01","26","","0.6","","-12.8","","-6.1","","24.1","","0.0","","0.0","","6.4","","6.4","","","","","","",""
"-79.40","43.67","TORONTO","6158350","1914-01-27","1914","01","27","","6.7","","0.0","","3.4","","14.6","","0.0","","0.8","","0.0","","0.8","","","","","","",""
"-79.40","43.67","TORONTO","6158350","1914-01-28","1914","01","28","","5.6","","2.2","","3.9","","14.1","","0.0","","0.0","","0.0","","0.0","","","","","","",""
"-79.40","43.67","TORONTO","6158350","1914-01-29","1914","01","29","","12.2","","1.7","","7.0","","11.0","","0.0","","0.0","","0.0","","0.0","","","","","","",""
"-79.40","43.67","TORONTO","6158350","1914-01-30","1914","01","30","","10.0","","-3.9","","3.1","","14.9","","0.0","","0.0","","0.0","","0.0","","","","","","",""
"-79.40","43.67","TORONTO","6158350","1914-01-31","1914","01","31","","1.1","","-6.7","","-2.8","","20.8","","0.0","","0.0","","8.6","","8.6","","","","","","",""
"-79.40","43.67","TORONTO","6158350","1914-02-01","1914","02","01","","1.1","","-5.0","","-2.0","","20.0","","0.0","","0.0","","1.5","","1.5","","","","","","",""
"-79.40","43.67","TORONTO","6158350","1914-02-02","1914","02","02","","-1.1","","-8.9","","-5.0","","23.0","","0.0","","0.0","","0.0","","0.0","","","","","","",""
"-79.40","43.67","TORONTO","6158350","1914-02-03","1914","02","03","","7.2","","-1.1","","3.1","","14.9","","0.0","","1.0","","0.0","","1.0","","","","","","",""
"-79.40","43.67","TORONTO","6158350","1914-02-04","1914","02","04","","2.8","","-5.6","","-1.4","","19.4","","0.0","","0.5","","0.0","T","0.5","","","","","","",""
"-79.40","43.67","TORONTO","6158350","1914-02-05","1914","02","05","","-5.6","","-8.9","","-7.3","","25.3","","0.0","","0.0","","0.0","T","0.0","T","","","","","",""
"-79.40","43.67","TORONTO","6158350","1914-02-06","1914","02","06","","0.6","","-10.6","","-5.0","","23.0","","0.0","","0.0","T","5.1","","5.1","","","","","","",""
"-79.40","43.67","TORONTO","6158350","1914-02-07","1914","02","07","","2.8","","-7.8","","-2.5","","20.5","","0.0","","13.5","","0.0","T","13.5","","","","","","",""
"-79.40","43.67","TORONTO","6158350","1914-02-08","1914","02","08","","-7.2","","-13.3","","-10.3","","28.3","","0.0","","0.0","","0.0","","0.0","","","","","","",""
"-79.40","43.67","TORONTO","6158350","1914-02-09","1914","02","09","","-8.3","","-16.7","","-12.5","","30.5","","0.0","","0.0","","0.0","","0.0","","","","","","",""
"-79.40","43.67","TORONTO","6158350","1914-02-10","1914","02","10","","-9.4","","-17.2","","-13.3","","31.3","","0.0","","0.0","","0.3","","0.3","","","","","","",""
"-79.40","43.67","TORONTO","6158350","1914-02-11","1914","02","11","","-17.2","","-24.4","","-20.8","","38.8","","0.0","","0.0","","0.0","","0.0","","","","","","",""
"-79.40","43.67","TORONTO","6158350","1914-02-12","1914","02","12","","-19.4","","-27.8","","-23.6","","41.6","","0.0","","0.0","","0.0","","0.0","","","","","","",""
"-79.40","43.67","TORONTO","6158350","1914-02-13","1914","02","13","","-10.6","","-22.2","","-16.4","","34.4","","0.0","","0.0","","10.7","","10.7","","","","","","",""
"-79.40","43.67","TORONTO","6158350","1914-02-14","1914","02","14","","-10.0","","-15.0","","-12.5","","30.5","","0.0","","0.0","","1.0","","1.0","","","","","","",""
"-79.40","43.67","TORONTO","6158350","1914-02-15","1914","02","15","","-10.0","","-18.9","","-14.5","","32.5","","0.0","","0.0","","1.3","","1.3","","","","","","",""
"-79.40","43.67","TORONTO","6158350","1914-02-16","1914","02","16","","-5.6","","-13.9","","-9.8","","27.8","","0.0","","0.0","","10.4","","10.4","","","","","","",""
"-79.40","43.67","TORONTO","6158350","1914-02-17","1914","02","17","","-6.7","","-11.7","","-9.2","","27.2","","0.0","","0.0","","0.8","","0.8","","","","","","",""
"-79.40","43.67","TORONTO","6158350","1914-02-18","1914","02","18","","-3.9","","-13.9","","-8.9","","26.9","","0.0","","0.0","","0.0","T","0.0","T","","","","","",""
"-79.40","43.67","TORONTO","6158350","1914-02-19","1914","02","19","","-3.9","","-12.2","","-8.1","","26.1","","0.0","","0.0","","0.0","","0.0","","","","","","",""
"-79.40","43.67","TORONTO","6158350","1914-02-20","1914","02","20","","-8.9","","-16.1","","-12.5","","30.5","","0.0","","0.0","","0.0","","0.0","","","","","","",""
"-79.40","43.67","TORONTO","6158350","1914-02-21","1914","02","21","","-6.1","","-15.6","","-10.9","","28.9","","0.0","","0.0","","0.0","T","0.0","T","","","","","",""
"-79.40","43.67","TORONTO","6158350","1914-02-22","1914","02","22","","-3.3","","-15.0","","-9.2","","27.2","","0.0","","0.0","","1.5","","1.5","","","","","","",""
"-79.40","43.67","TORONTO","6158350","1914-02-23","1914","02","23","","-13.9","","-22.2","","-18.1","","36.1","","0.0","","0.0","","0.0","","0.0","","","","","","",""
"-79.40","43.67","TORONTO","6158350","1914-02-24","1914","02","24","","-9.4","","-21.7","","-15.6","","33.6","","0.0","","0.0","","0.0","","0.0","","","","","","",""
"-79.40","43.67","TORONTO","6158350","1914-02-25","1914","02","25","","-2.8","","-14.4","","-8.6","","26.6","","0.0","","0.0","","0.0","","0.0","","","","","","",""
"-79.40","43.67","TORONTO","6158350","1914-02-26","1914","02","26","","2.8","","-10.0","","-3.6","","21.6","","0.0","","0.0","","0.0","","0.0","","","","","","",""
"-79.40","43.67","TORONTO","6158350","1914-02-27","1914","02","27","","4.4","","-5.0","","-0.3","","18.3","","0.0","","0.0","","0.0","","0.0","","","","","","",""
"-79.40","43.67","TORONTO","6158350","1914-02-28","1914","02","28","","5.6","","-1.1","","2.3","","15.7","","0.0","","0.0","","0.0","","0.0","","","","","","",""
"-79.40","43.67","TORONTO","6158350","1914-03-01","1914","03","01","","4.4","","-12.8","","-4.2","","22.2","","0.0","","0.0","","0.0","T","0.0","T","","","","","",""
"-79.40","43.67","TORONTO","6158350","1914-03-02","1914","03","02","","-5.0","","-15.0","","-10.0","","28.0","","0.0","","0.0","","3.6","","3.6","","","","","","",""
"-79.40","43.67","TORONTO","6158350","1914-03-03","1914","03","03","","2.2","","-8.3","","-3.1","","21.1","","0.0","","0.0","","0.0","","0.0","","","","","","",""
"-79.40","43.67","TORONTO","6158350","1914-03-04","1914","03","04","","1.7","","-3.3","","-0.8","","18.8","","0.0","","0.0","","1.8","","1.8","","","","","","",""
"-79.40","43.67","TORONTO","6158350","1914-03-05","1914","03","05","","1.7","","-5.0","","-1.7","","19.7","","0.0","","0.0","","0.0","T","0.0","T","","","","","",""
"-79.40","43.67","TORONTO","6158350","1914-03-06","1914","03","06","","0.0","","-3.3","","-1.7","","19.7","","0.0","","0.0","","8.9","","8.9","","","","","","",""
"-79.40","43.67","TORONTO","6158350","1914-03-07","1914","03","07","","1.7","","-2.8","","-0.6","","18.6","","0.0","","0.0","","6.1","","6.1","","","","","","",""
"-79.40","43.67","TORONTO","6158350","1914-03-08","1914","03","08","","-1.1","","-6.7","","-3.9","","21.9","","0.0","","0.0","","0.3","","0.3","","","","","","",""
"-79.40","43.67","TORONTO","6158350","1914-03-09","1914","03","09","","-1.7","","-9.4","","-5.6","","23.6","","0.0","","0.0","","0.5","","0.5","","","","","","",""
"-79.40","43.67","TORONTO","6158350","1914-03-10","1914","03","10","","-1.1","","-7.2","","-4.2","","22.2","","0.0","","0.0","","0.0","T","0.0","T","","","","","",""
"-79.40","43.67","TORONTO","6158350","1914-03-11","1914","03","11","","-6.1","","-12.8","","-9.5","","27.5","","0.0","","0.0","","0.0","","0.0","","","","","","",""
"-79.40","43.67","TORONTO","6158350","1914-03-12","1914","03","12","","0.0","","-13.3","","-6.7","","24.7","","0.0","","0.0","","0.0","T","0.0","T","","","","","",""
"-79.40","43.67","TORONTO","6158350","1914-03-13","1914","03","13","","3.9","","-5.0","","-0.6","","18.6","","0.0","","0.0","","0.0","","0.0","","","","","","",""
"-79.40","43.67","TORONTO","6158350","1914-03-14","1914","03","14","","7.2","","-1.1","","3.1","","14.9","","0.0","","0.0","","0.0","","0.0","","","","","","",""
"-79.40","43.67","TORONTO","6158350","1914-03-15","1914","03","15","","6.1","","0.0","","3.1","","14.9","","0.0","","0.0","","0.0","","0.0","","","","","","",""
"-79.40","43.67","TORONTO","6158350","1914-03-16","1914","03","16","","12.8","","1.1","","7.0","","11.0","","0.0","","0.0","","0.0","","0.0","","","","","","",""
"-79.40","43.67","TORONTO","6158350","1914-03-17","1914","03","17","","8.3","","-1.1","","3.6","","14.4","","0.0","","0.0","","0.0","","0.0","","","","","","",""
"-79.40","43.67","TORONTO","6158350","1914-03-18","1914","03","18","","5.0","","-6.1","","-0.6","","18.6","","0.0","","0.0","","6.4","","6.4","","","","","","",""
"-79.40","43.67","TORONTO","6158350","1914-03-19","1914","03","19","","-5.0","","-11.7","","-8.4","","26.4","","0.0","","0.0","","0.0","T","0.0","T","","","","","",""
"-79.40","43.67","TORONTO","6158350","1914-03-20","1914","03","20","","-6.7","","-14.4","","-10.6","","28.6","","0.0","","0.0","","0.0","","0.0","","","","","","",""
"-79.40","43.67","TORONTO","6158350","1914-03-21","1914","03","21","","0.0","","-11.1","","-5.6","","23.6","","0.0","","0.0","","0.0","","0.0","","","","","","",""
"-79.40","43.67","TORONTO","6158350","1914-03-22","1914","03","22","","1.7","","-3.9","","-1.1","","19.1","","0.0","","0.0","","2.5","","2.5","","","","","","",""
"-79.40","43.67","TORONTO","6158350","1914-03-23","1914","03","23","","3.3","","-1.7","","0.8","","17.2","","0.0","","0.0","","0.0","","0.0","","","","","","",""
"-79.40","43.67","TORONTO","6158350","1914-03-24","1914","03","24","","4.4","","-2.8","","0.8","","17.2","","0.0","","0.0","","0.0","","0.0","","","","","","",""
"-79.40","43.67","TORONTO","6158350","1914-03-25","1914","03","25","","9.4","","0.0","","4.7","","13.3","","0.0","","1.8","","0.0","","1.8","","","","","","",""
"-79.40","43.67","TORONTO","6158350","1914-03-26","1914","03","26","","12.8","","5.0","","8.9","","9.1","","0.0","","5.1","","0.0","","5.1","","","","","","",""
"-79.40","43.67","TORONTO","6158350","1914-03-27","1914","03","27","","8.9","","4.4","","6.7","","11.3","","0.0","","13.5","","0.0","","13.5","","","","","","",""
"-79.40","43.67","TORONTO","6158350","1914-03-28","1914","03","28","","6.7","","2.2","","4.5","","13.5","","0.0","","0.0","","0.0","","0.0","","","","","","",""
"-79.40","43.67","TORONTO","6158350","1914-03-29","1914","03","29","","6.7","","1.7","","4.2","","13.8","","0.0","","0.0","","0.0","","0.0","","","","","","",""
"-79.40","43.67","TORONTO","6158350","1914-03-30","1914","03","30","","6.7","","2.8","","4.8","","13.2","","0.0","","11.2","","0.0","","11.2","","","","","","",""
"-79.40","43.67","TORONTO","6158350","1914-03-31","1914","03","31","","7.8","","1.1","","4.5","","13.5","","0.0","","0.0","","0.0","","0.0","","","","","","",""
"-79.40","43.67","TORONTO","6158350","1914-04-01","1914","04","01","","5.6","","2.2","","3.9","","14.1","","0.0","","13.0","","0.0","","13.0","","","","","","",""
"-79.40","43.67","TORONTO","6158350","1914-04-02","1914","04","02","","5.6","","1.1","","3.4","","14.6","","0.0","","3.0","","2.0","","5.1","","","","","","",""
"-79.40","43.67","TORONTO","6158350","1914-04-03","1914","04","03","","1.7","","-5.6","","-2.0","","20.0","","0.0","","0.0","","0.0","T","0.0","T","","","","","",""
"-79.40","43.67","TORONTO","6158350","1914-04-04","1914","04","04","","2.2","","-5.0","","-1.4","","19.4","","0.0","","0.0","","0.0","T","0.0","T","","","","","",""
"-79.40","43.67","TORONTO","6158350","1914-04-05","1914","04","05","","1.7","","-3.3","","-0.8","","18.8","","0.0","","0.0","","0.5","","0.5","","","","","","",""
"-79.40","43.67","TORONTO","6158350","1914-04-06","1914","04","06","","2.2","","-3.3","","-0.6","","18.6","","0.0","","0.0","","0.0","T","0.0","T","","","","","",""
"-79.40","43.67","TORONTO","6158350","1914-04-07","1914","04","07","","4.4","","0.0","","2.2","","15.8","","0.0","","0.0","T","0.0","","0.0","T","","","","","",""
"-79.40","43.67","TORONTO","6158350","1914-04-08","1914","04","08","","4.4","","-2.2","","1.1","","16.9","","0.0","","0.0","","0.0","T","0.0","T","","","","","",""
"-79.40","43.67","TORONTO","6158350","1914-04-09","1914","04","09","","1.7","","-5.6","","-2.0","","20.0","","0.0","","0.0","","0.0","T","0.0","T","","","","","",""
"-79.40","43.67","TORONTO","6158350","1914-04-10","1914","04","10","","8.3","","-2.2","","3.1","","14.9","","0.0","","0.0","","0.0","","0.0","","","","","","",""
"-79.40","43.67","TORONTO","6158350","1914-04-11","1914","04","11","","8.3","","1.1","","4.7","","13.3","","0.0","","0.0","T","0.0","","0.0","T","","","","","",""
"-79.40","43.67","TORONTO","6158350","1914-04-12","1914","04","12","","8.9","","-1.7","","3.6","","14.4","","0.0","","0.0","","0.0","","0.0","","","","","","",""
"-79.40","43.67","TORONTO","6158350","1914-04-13","1914","04","13","","0.0","","-5.6","","-2.8","","20.8","","0.0","","0.0","","0.0","","0.0","","","","","","",""
"-79.40","43.67","TORONTO","6158350","1914-04-14","1914","04","14","","16.1","","-3.3","","6.4","","11.6","","0.0","","0.0","","0.0","","0.0","","","","","","",""
"-79.40","43.67","TORONTO","6158350","1914-04-15","1914","04","15","","10.0","","4.4","","7.2","","10.8","","0.0","","0.5","","0.0","","0.5","","","","","","",""
"-79.40","43.67","TORONTO","6158350","1914-04-16","1914","04","16","","12.2","","2.8","","7.5","","10.5","","0.0","","3.6","","0.0","","3.6","","","","","","",""
"-79.40","43.67","TORONTO","6158350","1914-04-17","1914","04","17","","16.7","","4.4","","10.6","","7.4","","0.0","","0.0","","0.0","","0.0","","","","","","",""
"-79.40","43.67","TORONTO","6158350","1914-04-18","1914","04","18","","19.4","","4.4","","11.9","","6.1","","0.0","","0.0","","0.0","","0.0","","","","","","",""
"-79.40","43.67","TORONTO","6158350","1914-04-19","1914","04","19","","18.3","","12.2","","15.3","","2.7","","0.0","","0.5","","0.0","","0.5","","","","","","",""
"-79.40","43.67","TORONTO","6158350","1914-04-20","1914","04","20","","13.9","","4.4","","9.2","","8.8","","0.0","","1.0","","0.0","","1.0","","","","","","",""
"-79.40","43.67","TORONTO","6158350","1914-04-21","1914","04","21","","7.8","","2.2","","5.0","","13.0","","0.0","","3.6","","0.0","","3.6","","","","","","",""
"-79.40","43.67","TORONTO","6158350","1914-04-22","1914","04","22","","15.0","","4.4","","9.7","","8.3","","0.0","","0.0","","0.0","","0.0","","","","","","",""
"-79.40","43.67","TORONTO","6158350","1914-04-23","1914","04","23","","8.9","","-1.7","","3.6","","14.4","","0.0","","0.0","","0.0","","0.0","","","","","","",""
"-79.40","43.67","TORONTO","6158350","1914-04-24","1914","04","24","","12.8","","0.6","","6.7","","11.3","","0.0","","0.3","","0.0","","0.3","","","","","","",""
"-79.40","43.67","TORONTO","6158350","1914-04-25","1914","04","25","","8.9","","5.6","","7.3","","10.7","","0.0","","15.2","","0.0","","15.2","","","","","","",""
"-79.40","43.67","TORONTO","6158350","1914-04-26","1914","04","26","","14.4","","6.7","","10.6","","7.4","","0.0","","0.0","","0.0","","0.0","","","","","","",""
"-79.40","43.67","TORONTO","6158350","1914-04-27","1914","04","27","","11.1","","7.8","","9.5","","8.5","","0.0","","0.0","T","0.0","","0.0","T","","","","","",""
"-79.40","43.67","TORONTO","6158350","1914-04-28","1914","04","28","","15.6","","5.6","","10.6","","7.4","","0.0","","0.5","","0.0","","0.5","","","","","","",""
"-79.40","43.67","TORONTO","6158350","1914-04-29","1914","04","29","","13.9","","3.9","","8.9","","9.1","","0.0","","5.1","","0.0","","5.1","","","","","","",""
"-79.40","43.67","TORONTO","6158350","1914-04-30","1914","04","30","","12.8","","1.7","","7.3","","10.7","","0.0","","0.0","","0.0","","0.0","","","","","","",""
"-79.40","43.67","TORONTO","6158350","1914-05-01","1914","05","01","","15.0","","1.7","","8.4","","9.6","","0.0","","0.0","","0.0","","0.0","","","","","","",""
"-79.40","43.67","TORONTO","6158350","1914-05-02","1914","05","02","","16.7","","3.3","","10.0","","8.0","","0.0","","0.0","","0.0","","0.0","","","","","","",""
"-79.40","43.67","TORONTO","6158350","1914-05-03","1914","05","03","","17.8","","3.3","","10.6","","7.4","","0.0","","0.0","","0.0","","0.0","","","","","","",""
"-79.40","43.67","TORONTO","6158350","1914-05-04","1914","05","04","","17.8","","7.8","","12.8","","5.2","","0.0","","1.5","","0.0","","1.5","","","","","","",""
"-79.40","43.67","TORONTO","6158350","1914-05-05","1914","05","05","","18.9","","10.0","","14.5","","3.5","","0.0","","0.5","","0.0","","0.5","","","","","","",""
"-79.40","43.67","TORONTO","6158350","1914-05-06","1914","05","06","","18.9","","12.2","","15.6","","2.4","","0.0","","3.0","","0.0","","3.0","","","","","","",""
"-79.40","43.67","TORONTO","6158350","1914-05-07","1914","05","07","","18.3","","8.9","","13.6","","4.4","","0.0","","0.0","","0.0","","0.0","","","","","","",""
"-79.40","43.67","TORONTO","6158350","1914-05-08","1914","05","08","","18.9","","6.7","","12.8","","5.2","","0.0","","0.0","","0.0","","0.0","","","","","","",""
"-79.40","43.67","TORONTO","6158350","1914-05-09","1914","05","09","","23.9","","8.9","","16.4","","1.6","","0.0","","0.0","","0.0","","0.0","","","","","","",""
"-79.40","43.67","TORONTO","6158350","1914-05-10","1914","05","10","","18.9","","8.9","","13.9","","4.1","","0.0","","2.5","","0.0","","2.5","","","","","","",""
"-79.40","43.67","TORONTO","6158350","1914-05-11","1914","05","11","","14.4","","7.2","","10.8","","7.2","","0.0","","0.0","","0.0","","0.0","","","","","","",""
"-79.40","43.67","TORONTO","6158350","1914-05-12","1914","05","12","","10.6","","6.1","","8.4","","9.6","","0.0","","3.8","","0.0","","3.8","","","","","","",""
"-79.40","43.67","TORONTO","6158350","1914-05-13","1914","05","13","","10.6","","6.1","","8.4","","9.6","","0.0","","2.5","","0.0","","2.5","","","","","","",""
"-79.40","43.67","TORONTO","6158350","1914-05-14","1914","05","14","","19.4","","3.3","","11.4","","6.6","","0.0","","0.0","","0.0","","0.0","","","","","","",""
"-79.40","43.67","TORONTO","6158350","1914-05-15","1914","05","15","","16.1","","3.3","","9.7","","8.3","","0.0","","0.0","","0.0","","0.0","","","","","","",""
"-79.40","43.67","TORONTO","6158350","1914-05-16","1914","05","16","","18.9","","3.9","","11.4","","6.6","","0.0","","0.0","T","0.0","","0.0","T","","","","","",""
"-79.40","43.67","TORONTO","6158350","1914-05-17","1914","05","17","","21.7","","5.0","","13.4","","4.6","","0.0","","0.0","","0.0","","0.0","","","","","","",""
"-79.40","43.67","TORONTO","6158350","1914-05-18","1914","05","18","","23.9","","9.4","","16.7","","1.3","","0.0","","0.0","","0.0","","0.0","","","","","","",""
"-79.40","43.67","TORONTO","6158350","1914-05-19","1914","05","19","","25.6","","8.9","","17.3","","0.7","","0.0","","0.0","","0.0","","0.0","","","","","","",""
"-79.40","43.67","TORONTO","6158350","1914-05-20","1914","05","20","","28.3","","10.0","","19.2","","0.0","","1.2","","0.0","","0.0","","0.0","","","","","","",""
"-79.40","43.67","TORONTO","6158350","1914-05-21","1914","05","21","","30.6","","12.2","","21.4","","0.0","","3.4","","0.0","","0.0","","0.0","","","","","","",""
"-79.40","43.67","TORONTO","6158350","1914-05-22","1914","05","22","","23.3","","14.4","","18.9","","0.0","","0.9","","2.0","","0.0","","2.0","","","","","","",""
"-79.40","43.67","TORONTO","6158350","1914-05-23","1914","05","23","","18.3","","8.3","","13.3","","4.7","","0.0","","0.0","","0.0","","0.0","","","","","","",""
"-79.40","43.67","TORONTO","6158350","1914-05-24","1914","05","24","","18.3","","4.4","","11.4","","6.6","","0.0","","3.3","","0.0","","3.3","","","","","","",""
"-79.40","43.67","TORONTO","6158350","1914-05-25","1914","05","25","","24.4","","8.3","","16.4","","1.6","","0.0","","4.1","","0.0","","4.1","","","","","","",""
"-79.40","43.67","TORONTO","6158350","1914-05-26","1914","05","26","","30.6","","15.6","","23.1","","0.0","","5.1","","1.3","","0.0","","1.3","","","","","","",""
"-79.40","43.67","TORONTO","6158350","1914-05-27","1914","05","27","","29.4","","17.2","","23.3","","0.0","","5.3","","12.4","","0.0","","12.4","","","","","","",""
"-79.40","43.67","TORONTO","6158350","1914-05-28","1914","05","28","","25.6","","13.9","","19.8","","0.0","","1.8","","0.0","","0.0","","0.0","","","","","","",""
"-79.40","43.67","TORONTO","6158350","1914-05-29","1914","05","29","","23.3","","10.0","","16.7","","1.3","","0.0","","1.3","","0.0","","1.3","","","","","","",""
"-79.40","43.67","TORONTO","6158350","1914-05-30","1914","05","30","","25.6","","14.4","","20.0","","0.0","","2.0","","0.0","","0.0","","0.0","","","","","","",""
"-79.40","43.67","TORONTO","6158350","1914-05-31","1914","05","31","","27.2","","13.3","","20.3","","0.0","","2.3","","0.0","T","0.0","","0.0","T","","","","","",""
"-79.40","43.67","TORONTO","6158350","1914-06-01","1914","06","01","","23.9","","11.7","","17.8","","0.2","","0.0","","0.0","","0.0","","0.0","","","","","","",""
"-79.40","43.67","TORONTO","6158350","1914-06-02","1914","06","02","","23.9","","7.8","","15.9","","2.1","","0.0","","0.0","","0.0","","0.0","","","","","","",""
"-79.40","43.67","TORONTO","6158350","1914-06-03","1914","06","03","","24.4","","11.7","","18.1","","0.0","","0.1","","0.8","","0.0","","0.8","","","","","","",""
"-79.40","43.67","TORONTO","6158350","1914-06-04","1914","06","04","","17.8","","10.0","","13.9","","4.1","","0.0","","1.3","","0.0","","1.3","","","","","","",""
"-79.40","43.67","TORONTO","6158350","1914-06-05","1914","06","05","","20.0","","8.9","","14.5","","3.5","","0.0","","0.0","","0.0","","0.0","","","","","","",""
"-79.40","43.67","TORONTO","6158350","1914-06-06","1914","06","06","","21.1","","5.6","","13.4","","4.6","","0.0","","0.0","","0.0","","0.0","","","","","","",""
"-79.40","43.67","TORONTO","6158350","1914-06-07","1914","06","07","","27.2","","9.4","","18.3","","0.0","","0.3","","22.4","","0.0","","22.4","","","","","","",""
"-79.40","43.67","TORONTO","6158350","1914-06-08","1914","06","08","","31.7","","16.7","","24.2","","0.0","","6.2","","0.0","","0.0","","0.0","","","","","","",""
"-79.40","43.67","TORONTO","6158350","1914-06-09","1914","06","09","","30.6","","18.9","","24.8","","0.0","","6.8","","0.0","","0.0","","0.0","","","","","","",""
"-79.40","43.67","TORONTO","6158350","1914-06-10","1914","06","10","","31.1","","21.1","","26.1","","0.0","","8.1","","0.0","","0.0","","0.0","","","","","","",""
"-79.40","43.67","TORONTO","6158350","1914-06-11","1914","06","11","","28.9","","18.9","","23.9","","0.0","","5.9","","0.0","","0.0","","0.0","","","","","","",""
"-79.40","43.67","TORONTO","6158350","1914-06-12","1914","06","12","","23.3","","17.2","","20.3","","0.0","","2.3","","0.0","","0.0","","0.0","","","","","","",""
"-79.40","43.67","TORONTO","6158350","1914-06-13","1914","06","13","","25.0","","12.8","","18.9","","0.0","","0.9","","0.0","","0.0","","0.0","","","","","","",""
"-79.40","43.67","TORONTO","6158350","1914-06-14","1914","06","14","","19.4","","10.6","","15.0","","3.0","","0.0","","0.0","","0.0","","0.0","","","","","","",""
"-79.40","43.67","TORONTO","6158350","1914-06-15","1914","06","15","","22.2","","10.0","","16.1","","1.9","","0.0","","0.0","T","0.0","","0.0","T","","","","","",""
"-79.40","43.67","TORONTO","6158350","1914-06-16","1914","06","16","","18.9","","8.3","","13.6","","4.4","","0.0","","0.0","","0.0","","0.0","","","","","","",""
"-79.40","43.67","TORONTO","6158350","1914-06-17","1914","06","17","","23.3","","6.7","","15.0","","3.0","","0.0","","0.0","","0.0","","0.0","","","","","","",""
"-79.40","43.67","TORONTO","6158350","1914-06-18","1914","06","18","","25.0","","10.6","","17.8","","0.2","","0.0","","0.0","","0.0","","0.0","","","","","","",""
"-79.40","43.67","TORONTO","6158350","1914-06-19","1914","06","19","","20.6","","9.4","","15.0","","3.0","","0.0","","11.9","","0.0","","11.9","","","","","","",""
"-79.40","43.67","TORONTO","6158350","1914-06-20","1914","06","20","","17.2","","3.3","","10.3","","7.7","","0.0","","0.0","T","0.0","","0.0","T","","","","","",""
"-79.40","43.67","TORONTO","6158350","1914-06-21","1914","06","21","","17.2","","13.3","","15.3","","2.7","","0.0","","0.8","","0.0","","0.8","","","","","","",""
"-79.40","43.67","TORONTO","6158350","1914-06-22","1914","06","22","","20.0","","11.7","","15.9","","2.1","","0.0","","2.5","","0.0","","2.5","","","","","","",""
"-79.40","43.67","TORONTO","6158350","1914-06-23","1914","06","23","","28.9","","12.8","","20.9","","0.0","","2.9","","0.0","","0.0","","0.0","","","","","","",""
"-79.40","43.67","TORONTO","6158350","1914-06-24","1914","06","24","","32.8","","18.3","","25.6","","0.0","","7.6","","2.0","","0.0","","2.0","","","","","","",""
"-79.40","43.67","TORONTO","6158350","1914-06-25","1914","06","25","","30.0","","16.1","","23.1","","0.0","","5.1","","0.0","","0.0","","0.0","","","","","","",""
"-79.40","43.67","TORONTO","6158350","1914-06-26","1914","06","26","","27.8","","12.8","","20.3","","0.0","","2.3","","1.0","","0.0","","1.0","","","","","","",""
"-79.40","43.67","TORONTO","6158350","1914-06-27","1914","06","27","","21.1","","14.4","","17.8","","0.2","","0.0","","2.5","","0.0","","2.5","","","","","","",""
"-79.40","43.67","TORONTO","6158350","1914-06-28","1914","06","28","","21.1","","12.8","","17.0","","1.0","","0.0","","6.9","","0.0","","6.9","","","","","","",""
"-79.40","43.67","TORONTO","6158350","1914-06-29","1914","06","29","","15.6","","12.2","","13.9","","4.1","","0.0","","3.0","","0.0","","3.0","","","","","","",""
"-79.40","43.67","TORONTO","6158350","1914-06-30","1914","06","30","","25.0","","12.2","","18.6","","0.0","","0.6","","0.0","","0.0","","0.0","","","","","","",""
"-79.40","43.67","TORONTO","6158350","1914-07-01","1914","07","01","","20.0","","11.1","","15.6","","2.4","","0.0","","0.3","","0.0","","0.3","","","","","","",""
"-79.40","43.67","TORONTO","6158350","1914-07-02","1914","07","02","","22.8","","13.9","","18.4","","0.0","","0.4","","0.3","","0.0","","0.3","","","","","","",""
"-79.40","43.67","TORONTO","6158350","1914-07-03","1914","07","03","","23.9","","13.3","","18.6","","0.0","","0.6","","0.0","","0.0","","0.0","","","","","","",""
"-79.40","43.67","TORONTO","6158350","1914-07-04","1914","07","04","","25.0","","11.1","","18.1","","0.0","","0.1","","0.3","","0.0","","0.3","","","","","","",""
"-79.40","43.67","TORONTO","6158350","1914-07-05","1914","07","05","","27.2","","14.4","","20.8","","0.0","","2.8","","0.0","","0.0","","0.0","","","","","","",""
"-79.40","43.67","TORONTO","6158350","1914-07-06","1914","07","06","","26.7","","13.9","","20.3","","0.0","","2.3","","0.0","","0.0","","0.0","","","","","","",""
"-79.40","43.67","TORONTO","6158350","1914-07-07","1914","07","07","","31.1","","15.6","","23.4","","0.0","","5.4","","0.0","","0.0","","0.0","","","","","","",""
"-79.40","43.67","TORONTO","6158350","1914-07-08","1914","07","08","","29.4","","18.3","","23.9","","0.0","","5.9","","0.0","","0.0","","0.0","","","","","","",""
"-79.40","43.67","TORONTO","6158350","1914-07-09","1914","07","09","","28.3","","19.4","","23.9","","0.0","","5.9","","0.0","","0.0","","0.0","","","","","","",""
"-79.40","43.67","TORONTO","6158350","1914-07-10","1914","07","10","","29.4","","16.1","","22.8","","0.0","","4.8","","0.0","","0.0","","0.0","","","","","","",""
"-79.40","43.67","TORONTO","6158350","1914-07-11","1914","07","11","","33.9","","17.2","","25.6","","0.0","","7.6","","0.0","","0.0","","0.0","","","","","","",""
"-79.40","43.67","TORONTO","6158350","1914-07-12","1914","07","12","","30.0","","19.4","","24.7","","0.0","","6.7","","2.0","","0.0","","2.0","","","","","","",""
"-79.40","43.67","TORONTO","6158350","1914-07-13","1914","07","13","","23.9","","19.4","","21.7","","0.0","","3.7","","6.1","","0.0","","6.1","","","","","","",""
"-79.40","43.67","TORONTO","6158350","1914-07-14","1914","07","14","","27.8","","19.4","","23.6","","0.0","","5.6","","0.8","","0.0","","0.8","","","","","","",""
"-79.40","43.67","TORONTO","6158350","1914-07-15","1914","07","15","","27.2","","19.4","","23.3","","0.0","","5.3","","0.0","","0.0","","0.0","","","","","","",""
"-79.40","43.67","TORONTO","6158350","1914-07-16","1914","07","16","","31.7","","18.9","","25.3","","0.0","","7.3","","0.0","","0.0","","0.0","","","","","","",""
"-79.40","43.67","TORONTO","6158350","1914-07-17","1914","07","17","","31.7","","21.7","","26.7","","0.0","","8.7","","0.5","","0.0","","0.5","","","","","","",""
"-79.40","43.67","TORONTO","6158350","1914-07-18","1914","07","18","","26.1","","16.1","","21.1","","0.0","","3.1","","0.0","T","0.0","","0.0","T","","","","","",""
"-79.40","43.67","TORONTO","6158350","1914-07-19","1914","07","19","","26.1","","10.6","","18.4","","0.0","","0.4","","0.0","","0.0","","0.0","","","","","","",""
"-79.40","43.67","TORONTO","6158350","1914-07-20","1914","07","20","","26.7","","8.9","","17.8","","0.2","","0.0","","0.0","","0.0","","0.0","","","","","","",""
"-79.40","43.67","TORONTO","6158350","1914-07-21","1914","07","21","","31.7","","15.6","","23.7","","0.0","","5.7","","0.0","T","0.0","","0.0","T","","","","","",""
"-79.40","43.67","TORONTO","6158350","1914-07-22","1914","07","22","","26.7","","13.9","","20.3","","0.0","","2.3","","0.0","","0.0","","0.0","","","","","","",""
"-79.40","43.67","TORONTO","6158350","1914-07-23","1914","07","23","","23.3","","17.8","","20.6","","0.0","","2.6","","8.6","","0.0","","8.6","","","","","","",""
"-79.40","43.67","TORONTO","6158350","1914-07-24","1914","07","24","","25.6","","18.9","","22.3","","0.0","","4.3","","0.5","","0.0","","0.5","","","","","","",""
"-79.40","43.67","TORONTO","6158350","1914-07-25","1914","07","25","","30.0","","16.1","","23.1","","0.0","","5.1","","0.0","","0.0","","0.0","","","","","","",""
"-79.40","43.67","TORONTO","6158350","1914-07-26","1914","07","26","","28.3","","16.7","","22.5","","0.0","","4.5","","0.0","T","0.0","","0.0","T","","","","","",""
"-79.40","43.67","TORONTO","6158350","1914-07-27","1914","07","27","","22.8","","17.2","","20.0","","0.0","","2.0","","5.1","","0.0","","5.1","","","","","","",""
"-79.40","43.67","TORONTO","6158350","1914-07-28","1914","07","28","","23.3","","16.1","","19.7","","0.0","","1.7","","1.0","","0.0","","1.0","","","","","","",""
"-79.40","43.67","TORONTO","6158350","1914-07-29","1914","07","29","","25.6","","12.8","","19.2","","0.0","","1.2","","0.0","","0.0","","0.0","","","","","","",""
"-79.40","43.67","TORONTO","6158350","1914-07-30","1914","07","30","","23.3","","12.8","","18.1","","0.0","","0.1","","0.0","","0.0","","0.0","","","","","","",""
"-79.40","43.67","TORONTO","6158350","1914-07-31","1914","07","31","","26.1","","13.3","","19.7","","0.0","","1.7","","0.0","T","0.0","","0.0","T","","","","","",""
"-79.40","43.67","TORONTO","6158350","1914-08-01","1914","08","01","","27.8","","16.1","","22.0","","0.0","","4.0","","1.5","","0.0","","1.5","","","","","","",""
"-79.40","43.67","TORONTO","6158350","1914-08-02","1914","08","02","","26.1","","14.4","","20.3","","0.0","","2.3","","8.9","","0.0","","8.9","","","","","","",""
"-79.40","43.67","TORONTO","6158350","1914-08-03","1914","08","03","","21.7","","13.9","","17.8","","0.2","","0.0","","0.0","","0.0","","0.0","","","","","","",""
"-79.40","43.67","TORONTO","6158350","1914-08-04","1914","08","04","","23.3","","10.6","","17.0","","1.0","","0.0","","0.0","","0.0","","0.0","","","","","","",""
"-79.40","43.67","TORONTO","6158350","1914-08-05","1914","08","05","","26.1","","11.1","","18.6","","0.0","","0.6","","0.0","","0.0","","0.0","","","","","","",""
"-79.40","43.67","TORONTO","6158350","1914-08-06","1914","08","06","","30.0","","16.1","","23.1","","0.0","","5.1","","0.0","","0.0","","0.0","","","","","","",""
"-79.40","43.67","TORONTO","6158350","1914-08-07","1914","08","07","","33.3","","17.8","","25.6","","0.0","","7.6","","0.0","","0.0","","0.0","","","","","","",""
"-79.40","43.67","TORONTO","6158350","1914-08-08","1914","08","08","","28.3","","15.6","","22.0","","0.0","","4.0","","0.0","","0.0","","0.0","","","","","","",""
"-79.40","43.67","TORONTO","6158350","1914-08-09","1914","08","09","","32.8","","16.7","","24.8","","0.0","","6.8","","13.2","","0.0","","13.2","","","","","","",""
"-79.40","43.67","TORONTO","6158350","1914-08-10","1914","08","10","","28.9","","20.6","","24.8","","0.0","","6.8","","3.3","","0.0","","3.3","","","","","","",""
"-79.40","43.67","TORONTO","6158350","1914-08-11","1914","08","11","","28.9","","15.0","","22.0","","0.0","","4.0","","0.8","","0.0","","0.8","","","","","","",""
"-79.40","43.67","TORONTO","6158350","1914-08-12","1914","08","12","","21.1","","11.7","","16.4","","1.6","","0.0","","0.0","","0.0","","0.0","","","","","","",""
"-79.40","43.67","TORONTO","6158350","1914-08-13","1914","08","13","","22.8","","11.7","","17.3","","0.7","","0.0","","3.8","","0.0","","3.8","","","","","","",""
"-79.40","43.67","TORONTO","6158350","1914-08-14","1914","08","14","","27.2","","16.7","","22.0","","0.0","","4.0","","9.9","","0.0","","9.9","","","","","","",""
"-79.40","43.67","TORONTO","6158350","1914-08-15","1914","08","15","","25.6","","14.4","","20.0","","0.0","","2.0","","0.0","","0.0","","0.0","","","","","","",""
"-79.40","43.67","TORONTO","6158350","1914-08-16","1914","08","16","","23.3","","11.1","","17.2","","0.8","","0.0","","10.9","","0.0","","10.9","","","","","","",""
"-79.40","43.67","TORONTO","6158350","1914-08-17","1914","08","17","","25.6","","15.0","","20.3","","0.0","","2.3","","0.0","T","0.0","","0.0","T","","","","","",""
"-79.40","43.67","TORONTO","6158350","1914-08-18","1914","08","18","","25.6","","19.4","","22.5","","0.0","","4.5","","14.0","","0.0","","14.0","","","","","","",""
"-79.40","43.67","TORONTO","6158350","1914-08-19","1914","08","19","","26.1","","18.9","","22.5","","0.0","","4.5","","1.8","","0.0","","1.8","","","","","","",""
"-79.40","43.67","TORONTO","6158350","1914-08-20","1914","08","20","","21.1","","18.9","","20.0","","0.0","","2.0","","16.3","","0.0","","16.3","","","","","","",""
"-79.40","43.67","TORONTO","6158350","1914-08-21","1914","08","21","","26.1","","17.8","","22.0","","0.0","","4.0","","13.7","","0.0","","13.7","","","","","","",""
"-79.40","43.67","TORONTO","6158350","1914-08-22","1914","08","22","","26.1","","16.1","","21.1","","0.0","","3.1","","0.0","","0.0","","0.0","","","","","","",""
"-79.40","43.67","TORONTO","6158350","1914-08-23","1914","08","23","","30.6","","17.8","","24.2","","0.0","","6.2","","0.0","","0.0","","0.0","","","","","","",""
"-79.40","43.67","TORONTO","6158350","1914-08-24","1914","08","24","","25.6","","13.3","","19.5","","0.0","","1.5","","0.0","","0.0","","0.0","","","","","","",""
"-79.40","43.67","TORONTO","6158350","1914-08-25","1914","08","25","","20.0","","10.0","","15.0","","3.0","","0.0","","0.0","","0.0","","0.0","","","","","","",""
"-79.40","43.67","TORONTO","6158350","1914-08-26","1914","08","26","","20.6","","8.9","","14.8","","3.2","","0.0","","0.0","","0.0","","0.0","","","","","","",""
"-79.40","43.67","TORONTO","6158350","1914-08-27","1914","08","27","","21.1","","11.7","","16.4","","1.6","","0.0","","0.0","","0.0","","0.0","","","","","","",""
"-79.40","43.67","TORONTO","6158350","1914-08-28","1914","08","28","","22.8","","13.9","","18.4","","0.0","","0.4","","0.8","","0.0","","0.8","","","","","","",""
"-79.40","43.67","TORONTO","6158350","1914-08-29","1914","08","29","","18.3","","15.0","","16.7","","1.3","","0.0","","17.5","","0.0","","17.5","","","","","","",""
"-79.40","43.67","TORONTO","6158350","1914-08-30","1914","08","30","","25.6","","11.7","","18.7","","0.0","","0.7","","1.0","","0.0","","1.0","","","","","","",""
"-79.40","43.67","TORONTO","6158350","1914-08-31","1914","08","31","","26.7","","14.4","","20.6","","0.0","","2.6","","15.0","","0.0","","15.0","","","","","","",""
"-79.40","43.67","TORONTO","6158350","1914-09-01","1914","09","01","","22.8","","17.8","","20.3","","0.0","","2.3","","11.4","","0.0","","11.4","","","","","","",""
"-79.40","43.67","TORONTO","6158350","1914-09-02","1914","09","02","","27.8","","18.9","","23.4","","0.0","","5.4","","3.8","","0.0","","3.8","","","","","","",""
"-79.40","43.67","TORONTO","6158350","1914-09-03","1914","09","03","","24.4","","12.2","","18.3","","0.0","","0.3","","7.4","","0.0","","7.4","","","","","","",""
"-79.40","43.67","TORONTO","6158350","1914-09-04","1914","09","04","","18.9","","11.7","","15.3","","2.7","","0.0","","0.3","","0.0","","0.3","","","","","","",""
"-79.40","43.67","TORONTO","6158350","1914-09-05","1914","09","05","","21.7","","7.2","","14.5","","3.5","","0.0","","0.0","","0.0","","0.0","","","","","","",""
"-79.40","43.67","TORONTO","6158350","1914-09-06","1914","09","06","","23.9","","13.9","","18.9","","0.0","","0.9","","2.5","","0.0","","2.5","","","","","","",""
"-79.40","43.67","TORONTO","6158350","1914-09-07","1914","09","07","","20.6","","10.6","","15.6","","2.4","","0.0","","0.0","","0.0","","0.0","","","","","","",""
"-79.40","43.67","TORONTO","6158350","1914-09-08","1914","09","08","","16.1","","7.2","","11.7","","6.3","","0.0","","0.0","","0.0","","0.0","","","","","","",""
"-79.40","43.67","TORONTO","6158350","1914-09-09","1914","09","09","","17.8","","5.6","","11.7","","6.3","","0.0","","0.0","","0.0","","0.0","","","","","","",""
"-79.40","43.67","TORONTO","6158350","1914-09-10","1914","09","10","","21.1","","8.3","","14.7","","3.3","","0.0","","0.0","","0.0","","0.0","","","","","","",""
"-79.40","43.67","TORONTO","6158350","1914-09-11","1914","09","11","","15.0","","10.0","","12.5","","5.5","","0.0","","0.0","","0.0","","0.0","","","","","","",""
"-79.40","43.67","TORONTO","6158350","1914-09-12","1914","09","12","","18.3","","7.2","","12.8","","5.2","","0.0","","0.0","","0.0","","0.0","","","","","","",""
"-79.40","43.67","TORONTO","6158350","1914-09-13","1914","09","13","","20.6","","9.4","","15.0","","3.0","","0.0","","0.0","","0.0","","0.0","","","","","","",""
"-79.40","43.67","TORONTO","6158350","1914-09-14","1914","09","14","","21.7","","9.4","","15.6","","2.4","","0.0","","0.0","","0.0","","0.0","","","","","","",""
"-79.40","43.67","TORONTO","6158350","1914-09-15","1914","09","15","","22.8","","11.1","","17.0","","1.0","","0.0","","0.0","","0.0","","0.0","","","","","","",""
"-79.40","43.67","TORONTO","6158350","1914-09-16","1914","09","16","","25.6","","9.4","","17.5","","0.5","","0.0","","0.0","","0.0","","0.0","","","","","","",""
"-79.40","43.67","TORONTO","6158350","1914-09-17","1914","09","17","","27.2","","10.0","","18.6","","0.0","","0.6","","0.0","","0.0","","0.0","","","","","","",""
"-79.40","43.67","TORONTO","6158350","1914-09-18","1914","09","18","","27.8","","10.0","","18.9","","0.0","","0.9","","0.0","","0.0","","0.0","","","","","","",""
"-79.40","43.67","TORONTO","6158350","1914-09-19","1914","09","19","","25.0","","15.0","","20.0","","0.0","","2.0","","0.0","","0.0","","0.0","","","","","","",""
"-79.40","43.67","TORONTO","6158350","1914-09-20","1914","09","20","","28.9","","11.1","","20.0","","0.0","","2.0","","0.0","","0.0","","0.0","","","","","","",""
"-79.40","43.67","TORONTO","6158350","1914-09-21","1914","09","21","","30.0","","13.3","","21.7","","0.0","","3.7","","0.0","","0.0","","0.0","","","","","","",""
"-79.40","43.67","TORONTO","6158350","1914-09-22","1914","09","22","","30.6","","16.7","","23.7","","0.0","","5.7","","7.1","","0.0","","7.1","","","","","","",""
"-79.40","43.67","TORONTO","6158350","1914-09-23","1914","09","23","","22.2","","14.4","","18.3","","0.0","","0.3","","6.1","","0.0","","6.1","","","","","","",""
"-79.40","43.67","TORONTO","6158350","1914-09-24","1914","09","24","","18.9","","12.2","","15.6","","2.4","","0.0","","0.5","","0.0","","0.5","","","","","","",""
"-79.40","43.67","TORONTO","6158350","1914-09-25","1914","09","25","","16.7","","9.4","","13.1","","4.9","","0.0","","0.0","","0.0","","0.0","","","","","","",""
"-79.40","43.67","TORONTO","6158350","1914-09-26","1914","09","26","","16.7","","3.3","","10.0","","8.0","","0.0","","0.0","","0.0","","0.0","","","","","","",""
"-79.40","43.67","TORONTO","6158350","1914-09-27","1914","09","27","","15.0","","7.8","","11.4","","6.6","","0.0","","0.3","","0.0","","0.3","","","","","","",""
"-79.40","43.67","TORONTO","6158350","1914-09-28","1914","09","28","","17.2","","2.8","","10.0","","8.0","","0.0","","0.0","","0.0","","0.0","","","","","","",""
"-79.40","43.67","TORONTO","6158350","1914-09-29","1914","09","29","","20.6","","7.2","","13.9","","4.1","","0.0","","0.0","","0.0","","0.0","","","","","","",""
"-79.40","43.67","TORONTO","6158350","1914-09-30","1914","09","30","","19.4","","11.7","","15.6","","2.4","","0.0","","0.0","","0.0","","0.0","","","","","","",""
"-79.40","43.67","TORONTO","6158350","1914-10-01","1914","10","01","","17.2","","6.1","","11.7","","6.3","","0.0","","0.0","","0.0","","0.0","","","","","","",""
"-79.40","43.67","TORONTO","6158350","1914-10-02","1914","10","02","","19.4","","3.9","","11.7","","6.3","","0.0","","0.0","","0.0","","0.0","","","","","","",""
"-79.40","43.67","TORONTO","6158350","1914-10-03","1914","10","03","","20.0","","5.6","","12.8","","5.2","","0.0","","0.0","","0.0","","0.0","","","","","","",""
"-79.40","43.67","TORONTO","6158350","1914-10-04","1914","10","04","","20.6","","6.7","","13.7","","4.3","","0.0","","0.0","","0.0","","0.0","","","","","","",""
"-79.40","43.67","TORONTO","6158350","1914-10-05","1914","10","05","","23.9","","8.9","","16.4","","1.6","","0.0","","0.0","","0.0","","0.0","","","","","","",""
"-79.40","43.67","TORONTO","6158350","1914-10-06","1914","10","06","","17.8","","12.2","","15.0","","3.0","","0.0","","0.0","T","0.0","","0.0","T","","","","","",""
"-79.40","43.67","TORONTO","6158350","1914-10-07","1914","10","07","","16.7","","10.6","","13.7","","4.3","","0.0","","0.0","","0.0","","0.0","","","","","","",""
"-79.40","43.67","TORONTO","6158350","1914-10-08","1914","10","08","","22.2","","8.3","","15.3","","2.7","","0.0","","0.0","","0.0","","0.0","","","","","","",""
"-79.40","43.67","TORONTO","6158350","1914-10-09","1914","10","09","","25.0","","10.6","","17.8","","0.2","","0.0","","3.3","","0.0","","3.3","","","","","","",""
"-79.40","43.67","TORONTO","6158350","1914-10-10","1914","10","10","","23.3","","16.7","","20.0","","0.0","","2.0","","17.5","","0.0","","17.5","","","","","","",""
"-79.40","43.67","TORONTO","6158350","1914-10-11","1914","10","11","","20.0","","12.8","","16.4","","1.6","","0.0","","0.0","","0.0","","0.0","","","","","","",""
"-79.40","43.67","TORONTO","6158350","1914-10-12","1914","10","12","","17.8","","8.9","","13.4","","4.6","","0.0","","0.0","","0.0","","0.0","","","","","","",""
"-79.40","43.67","TORONTO","6158350","1914-10-13","1914","10","13","","9.4","","3.9","","6.7","","11.3","","0.0","","0.3","","0.0","","0.3","","","","","","",""
"-79.40","43.67","TORONTO","6158350","1914-10-14","1914","10","14","","12.8","","3.9","","8.4","","9.6","","0.0","","0.0","","0.0","","0.0","","","","","","",""
"-79.40","43.67","TORONTO","6158350","1914-10-15","1914","10","15","","15.0","","10.6","","12.8","","5.2","","0.0","","0.3","","0.0","","0.3","","","","","","",""
"-79.40","43.67","TORONTO","6158350","1914-10-16","1914","10","16","","14.4","","11.7","","13.1","","4.9","","0.0","","5.3","","0.0","","5.3","","","","","","",""
"-79.40","43.67","TORONTO","6158350","1914-10-17","1914","10","17","","18.9","","11.1","","15.0","","3.0","","0.0","","1.5","","0.0","","1.5","","","","","","",""
"-79.40","43.67","TORONTO","6158350","1914-10-18","1914","10","18","","18.3","","7.8","","13.1","","4.9","","0.0","","0.0","","0.0","","0.0","","","","","","",""
"-79.40","43.67","TORONTO","6158350","1914-10-19","1914","10","19","","15.0","","9.4","","12.2","","5.8","","0.0","","0.0","","0.0","","0.0","","","","","","",""
"-79.40","43.67","TORONTO","6158350","1914-10-20","1914","10","20","","18.9","","5.6","","12.3","","5.7","","0.0","","0.3","","0.0","","0.3","","","","","","",""
"-79.40","43.67","TORONTO","6158350","1914-10-21","1914","10","21","","26.1","","8.9","","17.5","","0.5","","0.0","","0.0","","0.0","","0.0","","","","","","",""
"-79.40","43.67","TORONTO","6158350","1914-10-22","1914","10","22","","19.4","","10.6","","15.0","","3.0","","0.0","","0.0","","0.0","","0.0","","","","","","",""
"-79.40","43.67","TORONTO","6158350","1914-10-23","1914","10","23","","17.2","","5.0","","11.1","","6.9","","0.0","","0.0","","0.0","","0.0","","","","","","",""
"-79.40","43.67","TORONTO","6158350","1914-10-24","1914","10","24","","12.2","","5.6","","8.9","","9.1","","0.0","","1.0","","0.0","","1.0","","","","","","",""
"-79.40","43.67","TORONTO","6158350","1914-10-25","1914","10","25","","12.2","","1.1","","6.7","","11.3","","0.0","","0.0","","0.0","","0.0","","","","","","",""
"-79.40","43.67","TORONTO","6158350","1914-10-26","1914","10","26","","8.3","","-2.2","","3.1","","14.9","","0.0","","1.5","","0.0","T","1.5","","","","","","",""
"-79.40","43.67","TORONTO","6158350","1914-10-27","1914","10","27","","4.4","","-3.3","","0.6","","17.4","","0.0","","0.0","","0.0","","0.0","","","","","","",""
"-79.40","43.67","TORONTO","6158350","1914-10-28","1914","10","28","","9.4","","0.6","","5.0","","13.0","","0.0","","0.0","","0.0","","0.0","","","","","","",""
"-79.40","43.67","TORONTO","6158350","1914-10-29","1914","10","29","","7.8","","3.9","","5.9","","12.1","","0.0","","7.4","","0.0","","7.4","","","","","","",""
"-79.40","43.67","TORONTO","6158350","1914-10-30","1914","10","30","","8.3","","1.7","","5.0","","13.0","","0.0","","1.0","","0.0","","1.0","","","","","","",""
"-79.40","43.67","TORONTO","6158350","1914-10-31","1914","10","31","","15.0","","0.6","","7.8","","10.2","","0.0","","0.0","","0.0","","0.0","","","","","","",""
"-79.40","43.67","TORONTO","6158350","1914-11-01","1914","11","01","","15.6","","8.9","","12.3","","5.7","","0.0","","1.0","","0.0","","1.0","","","","","","",""
"-79.40","43.67","TORONTO","6158350","1914-11-02","1914","11","02","","13.3","","4.4","","8.9","","9.1","","0.0","","0.0","T","0.0","","0.0","T","","","","","",""
"-79.40","43.67","TORONTO","6158350","1914-11-03","1914","11","03","","16.7","","3.3","","10.0","","8.0","","0.0","","0.5","","0.0","","0.5","","","","","","",""
"-79.40","43.67","TORONTO","6158350","1914-11-04","1914","11","04","","13.3","","7.8","","10.6","","7.4","","0.0","","0.0","","0.0","","0.0","","","","","","",""
"-79.40","43.67","TORONTO","6158350","1914-11-05","1914","11","05","","8.9","","2.8","","5.9","","12.1","","0.0","","0.0","T","0.0","","0.0","T","","","","","",""
"-79.40","43.67","TORONTO","6158350","1914-11-06","1914","11","06","","8.3","","2.8","","5.6","","12.4","","0.0","","0.0","","0.0","","0.0","","","","","","",""
"-79.40","43.67","TORONTO","6158350","1914-11-07","1914","11","07","","10.6","","0.6","","5.6","","12.4","","0.0","","0.5","","0.0","","0.5","","","","","","",""
"-79.40","43.67","TORONTO","6158350","1914-11-08","1914","11","08","","9.4","","1.7","","5.6","","12.4","","0.0","","0.0","","0.0","","0.0","","","","","","",""
"-79.40","43.67","TORONTO","6158350","1914-11-09","1914","11","09","","3.9","","-1.7","","1.1","","16.9","","0.0","","0.0","","0.0","","0.0","","","","","","",""
"-79.40","43.67","TORONTO","6158350","1914-11-10","1914","11","10","","5.6","","-3.3","","1.2","","16.8","","0.0","","4.6","","0.5","","5.1","","","","","","",""
"-79.40","43.67","TORONTO","6158350","1914-11-11","1914","11","11","","9.4","","2.2","","5.8","","12.2","","0.0","","0.5","","0.0","","0.5","","","","","","",""
"-79.40","43.67","TORONTO","6158350","1914-11-12","1914","11","12","","4.4","","-0.6","","1.9","","16.1","","0.0","","0.0","","1.3","","1.3","","","","","","",""
"-79.40","43.67","TORONTO","6158350","1914-11-13","1914","11","13","","12.2","","-1.7","","5.3","","12.7","","0.0","","6.1","","3.8","","9.9","","","","","","",""
"-79.40","43.67","TORONTO","6158350","1914-11-14","1914","11","14","","5.6","","0.6","","3.1","","14.9","","0.0","","0.0","","0.0","","0.0","","","","","","",""
"-79.40","43.67","TORONTO","6158350","1914-11-15","1914","11","15","","8.3","","2.8","","5.6","","12.4","","0.0","","30.7","","0.0","","30.7","","","","","","",""
"-79.40","43.67","TORONTO","6158350","1914-11-16","1914","11","16","","8.9","","-1.7","","3.6","","14.4","","0.0","","0.0","","0.0","T","0.0","T","","","","","",""
"-79.40","43.67","TORONTO","6158350","1914-11-17","1914","11","17","","-1.1","","-6.7","","-3.9","","21.9","","0.0","","0.0","","0.3","","0.3","","","","","","",""
"-79.40","43.67","TORONTO","6158350","1914-11-18","1914","11","18","","0.6","","-7.8","","-3.6","","21.6","","0.0","","0.0","","0.0","T","0.0","T","","","","","",""
"-79.40","43.67","TORONTO","6158350","1914-11-19","1914","11","19","","5.0","","-1.1","","2.0","","16.0","","0.0","","0.0","","0.0","T","0.0","T","","","","","",""
"-79.40","43.67","TORONTO","6158350","1914-11-20","1914","11","20","","0.0","","-5.6","","-2.8","","20.8","","0.0","","0.0","","0.0","","0.0","","","","","","",""
"-79.40","43.67","TORONTO","6158350","1914-11-21","1914","11","21","","1.1","","-5.6","","-2.3","","20.3","","0.0","","0.0","","0.0","T","0.0","T","","","","","",""
"-79.40","43.67","TORONTO","6158350","1914-11-22","1914","11","22","","1.7","","-5.6","","-2.0","","20.0","","0.0","","0.0","","1.8","","1.8","","","","","","",""
"-79.40","43.67","TORONTO","6158350","1914-11-23","1914","11","23","","-1.7","","-10.6","","-6.2","","24.2","","0.0","","0.0","","0.0","","0.0","","","","","","",""
"-79.40","43.67","TORONTO","6158350","1914-11-24","1914","11","24","","5.0","","-7.8","","-1.4","","19.4","","0.0","","1.3","","0.8","","2.0","","","","","","",""
"-79.40","43.67","TORONTO","6158350","1914-11-25","1914","11","25","","10.0","","1.7","","5.9","","12.1","","0.0","","0.0","","0.0","","0.0","","","","","","",""
"-79.40","43.67","TORONTO","6158350","1914-11-26","1914","11","26","","13.9","","5.0","","9.5","","8.5","","0.0","","0.0","","0.0","","0.0","","","","","","",""
"-79.40","43.67","TORONTO","6158350","1914-11-27","1914","11","27","","12.2","","-2.2","","5.0","","13.0","","0.0","","0.0","","0.0","","0.0","","","","","","",""
"-79.40","43.67","TORONTO","6158350","1914-11-28","1914","11","28","","4.4","","-5.0","","-0.3","","18.3","","0.0","","0.0","","0.0","","0.0","","","","","","",""
"-79.40","43.67","TORONTO","6158350","1914-11-29","1914","11","29","","8.3","","-1.1","","3.6","","14.4","","0.0","","0.0","T","0.0","","0.0","T","","","","","",""
"-79.40","43.67","TORONTO","6158350","1914-11-30","1914","11","30","","9.4","","5.6","","7.5","","10.5","","0.0","","18.8","","0.0","","18.8","","","","","","",""
"-79.40","43.67","TORONTO","6158350","1914-12-01","1914","12","01","","11.1","","8.3","","9.7","","8.3","","0.0","","0.0","","0.0","","0.0","","","","","","",""
"-79.40","43.67","TORONTO","6158350","1914-12-02","1914","12","02","","12.2","","8.9","","10.6","","7.4","","0.0","","4.6","","0.0","","4.6","","","","","","",""
"-79.40","43.67","TORONTO","6158350","1914-12-03","1914","12","03","","10.6","","1.1","","5.9","","12.1","","0.0","","0.0","","0.0","","0.0","","","","","","",""
"-79.40","43.67","TORONTO","6158350","1914-12-04","1914","12","04","","1.7","","-1.7","","0.0","","18.0","","0.0","","0.0","","0.0","","0.0","","","","","","",""
"-79.40","43.67","TORONTO","6158350","1914-12-05","1914","12","05","","2.8","","-1.7","","0.6","","17.4","","0.0","","0.0","","0.0","","0.0","","","","","","",""
"-79.40","43.67","TORONTO","6158350","1914-12-06","1914","12","06","","0.6","","-2.2","","-0.8","","18.8","","0.0","","0.0","","0.0","","0.0","","","","","","",""
"-79.40","43.67","TORONTO","6158350","1914-12-07","1914","12","07","","2.8","","-2.2","","0.3","","17.7","","0.0","","0.0","","0.0","","0.0","","","","","","",""
"-79.40","43.67","TORONTO","6158350","1914-12-08","1914","12","08","","3.9","","-0.6","","1.7","","16.3","","0.0","","0.0","","0.0","","0.0","","","","","","",""
"-79.40","43.67","TORONTO","6158350","1914-12-09","1914","12","09","","0.0","","-6.1","","-3.1","","21.1","","0.0","","0.0","","2.8","","2.8","","","","","","",""
"-79.40","43.67","TORONTO","6158350","1914-12-10","1914","12","10","","-2.8","","-5.0","","-3.9","","21.9","","0.0","","0.0","","0.8","","0.8","","","","","","",""
"-79.40","43.67","TORONTO","6158350","1914-12-11","1914","12","11","","-0.6","","-8.3","","-4.5","","22.5","","0.0","","0.0","","0.0","","0.0","","","","","","",""
"-79.40","43.67","TORONTO","6158350","1914-12-12","1914","12","12","","0.0","","-6.1","","-3.1","","21.1","","0.0","","0.0","","0.0","","0.0","","","","","","",""
"-79.40","43.67","TORONTO","6158350","1914-12-13","1914","12","13","","-0.6","","-1.7","","-1.2","","19.2","","0.0","","0.0","","8.9","","8.9","","","","","","",""
"-79.40","43.67","TORONTO","6158350","1914-12-14","1914","12","14","","0.0","","-12.8","","-6.4","","24.4","","0.0","","0.0","","1.3","","1.3","","","","","","",""
"-79.40","43.67","TORONTO","6158350","1914-12-15","1914","12","15","","-7.2","","-14.4","","-10.8","","28.8","","0.0","","0.0","","0.0","","0.0","","","","","","",""
"-79.40","43.67","TORONTO","6158350","1914-12-16","1914","12","16","","-5.6","","-11.1","","-8.4","","26.4","","0.0","","0.0","","0.0","","0.0","","","","","","",""
"-79.40","43.67","TORONTO","6158350","1914-12-17","1914","12","17","","-4.4","","-12.2","","-8.3","","26.3","","0.0","","0.0","","0.0","","0.0","","","","","","",""
"-79.40","43.67","TORONTO","6158350","1914-12-18","1914","12","18","","1.7","","-13.3","","-5.8","","23.8","","0.0","","0.0","","0.0","","0.0","","","","","","",""
"-79.40","43.67","TORONTO","6158350","1914-12-19","1914","12","19","","2.2","","-2.2","","0.0","","18.0","","0.0","","0.0","","4.6","","4.6","","","","","","",""
"-79.40","43.67","TORONTO","6158350","1914-12-20","1914","12","20","","0.6","","-7.8","","-3.6","","21.6","","0.0","","0.0","","0.0","","0.0","","","","","","",""
"-79.40","43.67","TORONTO","6158350","1914-12-21","1914","12","21","","0.0","","-3.9","","-2.0","","20.0","","0.0","","0.0","","10.7","","10.7","","","","","","",""
"-79.40","43.67","TORONTO","6158350","1914-12-22","1914","12","22","","-3.9","","-11.1","","-7.5","","25.5","","0.0","","0.0","","0.5","","0.5","","","","","","",""
"-79.40","43.67","TORONTO","6158350","1914-12-23","1914","12","23","","-8.3","","-12.2","","-10.3","","28.3","","0.0","","0.0","","2.0","","2.0","","","","","","",""
"-79.40","43.67","TORONTO","6158350","1914-12-24","1914","12","24","","-5.6","","-12.8","","-9.2","","27.2","","0.0","","0.0","","2.0","","2.0","","","","","","",""
"-79.40","43.67","TORONTO","6158350","1914-12-25","1914","12","25","","-10.6","","-18.9","","-14.8","","32.8","","0.0","","0.0","","0.0","","0.0","","","","","","",""
"-79.40","43.67","TORONTO","6158350","1914-12-26","1914","12","26","","-7.2","","-21.7","","-14.5","","32.5","","0.0","","0.0","","0.0","T","0.0","T","","","","","",""
"-79.40","43.67","TORONTO","6158350","1914-12-27","1914","12","27","","-3.9","","-10.0","","-7.0","","25.0","","0.0","","0.0","","0.0","T","0.0","T","","","","","",""
"-79.40","43.67","TORONTO","6158350","1914-12-28","1914","12","28","","1.1","","-6.1","","-2.5","","20.5","","0.0","","0.0","","0.0","","0.0","","","","","","",""
"-79.40","43.67","TORONTO","6158350","1914-12-29","1914","12","29","","2.2","","-1.7","","0.3","","17.7","","0.0","","1.3","","5.1","","6.4","","","","","","",""
"-79.40","43.67","TORONTO","6158350","1914-12-30","1914","12","30","","3.9","","-6.7","","-1.4","","19.4","","0.0","","0.0","","0.0","T","0.0","T","","","","","",""
"-79.40","43.67","TORONTO","6158350","1914-12-31","1914","12","31","","-5.0","","-9.4","","-7.2","","25.2","","0.0","","0.0","","0.0","T","0.0","T","","","","","",""
